Aircraft Launch and Recovery Officers,,,,,,,"Plan and direct the operation and maintenance of catapults, arresting gear, and associated mechanical, hydraulic, and control systems involved primarily in aircraft carrier takeoff and landing operations. Duties include supervision of readiness and safety of arresting gear, launching equipment, barricades, and visual landing aid systems; planning and coordinating the design, development, and testing of launch and recovery systems; preparing specifications for catapult and arresting gear installations; evaluating design proposals; determining handling equipment needed for new aircraft; preparing technical data and instructions for operation of landing aids; and training personnel in carrier takeoff and landing procedures."
Armored Assault Vehicle Officers,,,,,,,"Direct the operation of tanks, light armor, and amphibious assault vehicle units during combat situations on land or in aquatic environments. Duties include directing crew members in the operation of targeting and firing systems; coordinating the operation of advanced onboard communications and navigation equipment; directing the transport of personnel and equipment during combat; formulating and implementing battle plans, including the tactical employment of armored vehicle units; and coordinating with infantry, artillery, and air support units."
Artillery and Missile Officers,,,,,,,"Manage personnel and weapons operations to destroy enemy positions, aircraft, and vessels. Duties include planning, targeting, and coordinating the tactical deployment of field artillery and air defense artillery missile systems units; directing the establishment and operation of fire control communications systems; targeting and launching intercontinental ballistic missiles; directing the storage and handling of nuclear munitions and components; overseeing security of weapons storage and launch facilities; and managing maintenance of weapons systems."
Command and Control Center Officers,,,,,,,"Manage the operation of communications, detection, and weapons systems essential for controlling air, ground, and naval operations. Duties include managing critical communication links between air, naval, and ground forces; formulating and implementing emergency plans for natural and wartime disasters; coordinating emergency response teams and agencies; evaluating command center information and need for high-level military and government reporting; managing the operation of surveillance and detection systems; providing technical information and advice on capabilities and operational readiness; and directing operation of weapons targeting, firing, and launch computer systems."
Infantry Officers,,,,,,,"Direct, train, and lead infantry units in ground combat operations. Duties include directing deployment of infantry weapons, vehicles, and equipment; directing location, construction, and camouflage of infantry positions and equipment; managing field communications operations; coordinating with armor, artillery, and air support units; performing strategic and tactical planning, including battle plan development; and leading basic reconnaissance operations."
Special Forces Officers,,,,,,,"Lead elite teams that implement unconventional operations by air, land, or sea during combat or peacetime. These activities include offensive raids, demolitions, reconnaissance, search and rescue, and counterterrorism. In addition to their combat training, special forces officers often have specialized training in swimming, diving, parachuting, survival, emergency medicine, and foreign languages. Duties include directing advanced reconnaissance operations and evaluating intelligence information; recruiting, training, and equipping friendly forces; leading raids and invasions on enemy territories; training personnel to implement individual missions and contingency plans; performing strategic and tactical planning for politically sensitive missions; and operating sophisticated communications equipment."
"Military Officer Special and Tactical Operations Leaders, All Other",,,,,,,All military officer special and tactical operations leaders not listed separately.
First-Line Supervisors of Air Crew Members,,,,,,,Supervise and coordinate the activities of air crew members. Supervisors may also perform the same activities as the workers they supervise.
First-Line Supervisors of Weapons Specialists/Crew Members,,,,,,,Supervise and coordinate the activities of weapons specialists/crew members. Supervisors may also perform the same activities as the workers they supervise.
First-Line Supervisors of All Other Tactical Operations Specialists,,,,,,,Supervise and coordinate the activities of all other tactical operations specialists not classified separately above. Supervisors may also perform the same activities as the workers they supervise.
Air Crew Members,,,,,,,"Perform in-flight duties to ensure the successful completion of combat, reconnaissance, transport, and search and rescue missions. Duties include operating aircraft communications and detection equipment, including establishing satellite linkages and jamming enemy communications capabilities; conducting preflight, in-flight, and postflight inspections of onboard equipment; operating and maintaining aircraft weapons and defensive systems; operating and maintaining aircraft in-flight refueling systems; executing aircraft safety and emergency procedures; computing and verifying passenger, cargo, fuel, and emergency and special equipment weight and balance data; and conducting cargo and personnel drops."
Aircraft Launch and Recovery Specialists,,,,,,,"Operate and maintain catapults, arresting gear, and associated mechanical, hydraulic, and control systems involved primarily in aircraft carrier takeoff and landing operations. Duties include installing and maintaining visual landing aids; testing and maintaining launch and recovery equipment using electric and mechanical test equipment and hand tools; activating airfield arresting systems, such as crash barriers and cables, during emergency landing situations; directing aircraft launch and recovery operations using hand or light signals; and maintaining logs of airplane launches, recoveries, and equipment maintenance."
Armored Assault Vehicle Crew Members,,,,,,,"Operate tanks, light armor, and amphibious assault vehicles during combat situations on land or in aquatic environments. Duties include driving armored vehicles that require specialized training; operating and maintaining targeting and firing systems; operating and maintaining advanced onboard communications and navigation equipment; transporting personnel and equipment in a combat environment; and operating and maintaining auxiliary weapons, including machine guns and grenade launchers."
Artillery and Missile Crew Members,,,,,,,"Target, fire, and maintain weapons used to destroy enemy positions, aircraft, and vessels. Field artillery crew members predominantly use guns, cannons, and howitzers in ground combat operations, while air defense artillery crew members predominantly use missiles and rockets. Naval artillery crew members predominantly use torpedoes and missiles launched from a ship or submarine. Duties include testing, inspecting, and storing ammunition, missiles, and torpedoes; conducting preventive and routine maintenance on weapons and related equipment; establishing and maintaining radio and wire communications; and operating weapons targeting, firing, and launch computer systems."
Command and Control Center Specialists,,,,,,,"Operate and monitor communications, detection, and weapons systems essential for controlling air, ground, and naval operations. Duties include maintaining and relaying critical communications between air, naval, and ground forces; implementing emergency plans for natural and wartime disasters; relaying command center information to high-level military and government decisionmakers; monitoring surveillance and detection systems, such as air defense; interpreting and evaluating tactical situations and making recommendations to superiors; and operating weapons targeting, firing, and launch computer systems."
Infantry,,,,,,,"Operate weapons and equipment in ground combat operations. Duties include operating and maintaining weapons, such as rifles, machine guns, mortars, and hand grenades; locating, constructing, and camouflaging infantry positions and equipment; evaluating terrain and recording topographical information; operating and maintaining field communications equipment; assessing need for and directing supporting fire; placing explosives and performing minesweeping activities on land; and participating in basic reconnaissance operations."
Special Forces,,,,,,,"Implement unconventional operations by air, land, or sea during combat or peacetime as members of elite teams. These activities include offensive raids, demolitions, reconnaissance, search and rescue, and counterterrorism. In addition to their combat training, special forces members often have specialized training in swimming, diving, parachuting, survival, emergency medicine, and foreign languages. Duties include conducting advanced reconnaissance operations and collecting intelligence information; recruiting, training, and equipping friendly forces; conducting raids and invasions on enemy territories; laying and detonating explosives for demolition targets; locating, identifying, defusing, and disposing of ordnance; and operating and maintaining sophisticated communications equipment."
"Military Enlisted Tactical Operations and Air/Weapons Specialists and Crew Members, All Other",,,,,,,All military enlisted tactical operations and air/weapons specialists and crewmembers not listed separately.
